<scene version="2.1.0">

<!-- Defaults, these can be set via the command line: -Darg=value -->


<!-- Camera and Rendering Parameters -->

	<integrator type="path">
		<integer name="max_depth" value="12"/>
	</integrator>

<!-- Materials -->

	<bsdf type="twosided" id="mat-itu_medium_dry_ground">
		<bsdf type="diffuse">
			<rgb value="0.455439 0.800000 0.468734" name="reflectance"/>
		</bsdf>
	</bsdf>
	<bsdf type="twosided" id="mat-itu_brick">
		<bsdf type="diffuse">
			<rgb value="0.800000 0.496009 0.138600" name="reflectance"/>
		</bsdf>
	</bsdf>
	<bsdf type="twosided" id="mat-itu_concrete">
		<bsdf type="diffuse">
			<rgb value="0.132863 0.132863 0.132863" name="reflectance"/>
		</bsdf>
	</bsdf>

<!-- Emitters -->

	<emitter type="constant" id="World">
		<rgb value="0.538225 0.538225 0.538225" name="radiance"/>
	</emitter>

<!-- Shapes -->

	<shape type="ply" id="mesh-Plane">
		<string name="filename" value="meshes/Plane.ply"/>
		<boolean name="face_normals" value="true"/>
		<ref id="mat-itu_medium_dry_ground" name="bsdf"/>
	</shape>
	<shape type="ply" id="mesh-element-itu_brick">
		<string name="filename" value="meshes/element-itu_brick.ply"/>
		<boolean name="face_normals" value="true"/>
		<ref id="mat-itu_brick" name="bsdf"/>
	</shape>
	<shape type="ply" id="mesh-element-itu_concrete">
		<string name="filename" value="meshes/element-itu_concrete.ply"/>
		<boolean name="face_normals" value="true"/>
		<ref id="mat-itu_concrete" name="bsdf"/>
	</shape>
	<shape type="ply" id="mesh-element_001-itu_brick">
		<string name="filename" value="meshes/element_001-itu_brick.ply"/>
		<boolean name="face_normals" value="true"/>
		<ref id="mat-itu_brick" name="bsdf"/>
	</shape>
	<shape type="ply" id="mesh-element_001-itu_concrete">
		<string name="filename" value="meshes/element_001-itu_concrete.ply"/>
		<boolean name="face_normals" value="true"/>
		<ref id="mat-itu_concrete" name="bsdf"/>
	</shape>
	<shape type="ply" id="mesh-element_002-itu_brick">
		<string name="filename" value="meshes/element_002-itu_brick.ply"/>
		<boolean name="face_normals" value="true"/>
		<ref id="mat-itu_brick" name="bsdf"/>
	</shape>
	<shape type="ply" id="mesh-element_002-itu_concrete">
		<string name="filename" value="meshes/element_002-itu_concrete.ply"/>
		<boolean name="face_normals" value="true"/>
		<ref id="mat-itu_concrete" name="bsdf"/>
	</shape>
	<shape type="ply" id="mesh-element_003-itu_brick">
		<string name="filename" value="meshes/element_003-itu_brick.ply"/>
		<boolean name="face_normals" value="true"/>
		<ref id="mat-itu_brick" name="bsdf"/>
	</shape>
	<shape type="ply" id="mesh-element_003-itu_concrete">
		<string name="filename" value="meshes/element_003-itu_concrete.ply"/>
		<boolean name="face_normals" value="true"/>
		<ref id="mat-itu_concrete" name="bsdf"/>
	</shape>
</scene>
