<scene version="2.1.0">

<!-- Defaults, these can be set via the command line: -Darg=value -->


<!-- Camera and Rendering Parameters -->

	<integrator type="path">
		<integer name="max_depth" value="12"/>
	</integrator>

<!-- Materials -->

	<bsdf type="twosided" id="mat-itu_medium_dry_ground">
		<bsdf type="diffuse">
			<rgb value="0.455439 0.800000 0.468734" name="reflectance"/>
		</bsdf>
	</bsdf>
	<bsdf type="twosided" id="mat-itu_brick">
		<bsdf type="diffuse">
			<rgb value="0.800000 0.580151 0.106039" name="reflectance"/>
		</bsdf>
	</bsdf>
	<bsdf type="twosided" id="mat-itu_concrete">
		<bsdf type="diffuse">
			<rgb value="0.137584 0.137584 0.137584" name="reflectance"/>
		</bsdf>
	</bsdf>

<!-- Emitters -->

	<emitter type="constant" id="World">
		<rgb value="0.538225 0.538225 0.538225" name="radiance"/>
	</emitter>

<!-- Shapes -->

	<shape type="ply" id="mesh-Plane">
		<string name="filename" value="meshes/Plane.ply"/>
		<boolean name="face_normals" value="true"/>
		<ref id="mat-itu_medium_dry_ground" name="bsdf"/>
	</shape>
	<shape type="ply" id="mesh-New_Boys_Hostel-itu_brick">
		<string name="filename" value="meshes/New_Boys_Hostel-itu_brick.ply"/>
		<boolean name="face_normals" value="true"/>
		<ref id="mat-itu_brick" name="bsdf"/>
	</shape>
	<shape type="ply" id="mesh-New_Boys_Hostel-itu_concrete">
		<string name="filename" value="meshes/New_Boys_Hostel-itu_concrete.ply"/>
		<boolean name="face_normals" value="true"/>
		<ref id="mat-itu_concrete" name="bsdf"/>
	</shape>
	<shape type="ply" id="mesh-New_Girls_Hostel-itu_brick">
		<string name="filename" value="meshes/New_Girls_Hostel-itu_brick.ply"/>
		<boolean name="face_normals" value="true"/>
		<ref id="mat-itu_brick" name="bsdf"/>
	</shape>
	<shape type="ply" id="mesh-New_Girls_Hostel-itu_concrete">
		<string name="filename" value="meshes/New_Girls_Hostel-itu_concrete.ply"/>
		<boolean name="face_normals" value="true"/>
		<ref id="mat-itu_concrete" name="bsdf"/>
	</shape>
	<shape type="ply" id="mesh-Canara_Bank-itu_brick">
		<string name="filename" value="meshes/Canara_Bank-itu_brick.ply"/>
		<boolean name="face_normals" value="true"/>
		<ref id="mat-itu_brick" name="bsdf"/>
	</shape>
	<shape type="ply" id="mesh-Canara_Bank-itu_concrete">
		<string name="filename" value="meshes/Canara_Bank-itu_concrete.ply"/>
		<boolean name="face_normals" value="true"/>
		<ref id="mat-itu_concrete" name="bsdf"/>
	</shape>
	<shape type="ply" id="mesh-Ashwini__LA-Block_-itu_brick">
		<string name="filename" value="meshes/Ashwini__LA-Block_-itu_brick.ply"/>
		<boolean name="face_normals" value="true"/>
		<ref id="mat-itu_brick" name="bsdf"/>
	</shape>
	<shape type="ply" id="mesh-Ashwini__LA-Block_-itu_concrete">
		<string name="filename" value="meshes/Ashwini__LA-Block_-itu_concrete.ply"/>
		<boolean name="face_normals" value="true"/>
		<ref id="mat-itu_concrete" name="bsdf"/>
	</shape>
	<shape type="ply" id="mesh-BPCL_Hostel-itu_brick">
		<string name="filename" value="meshes/BPCL_Hostel-itu_brick.ply"/>
		<boolean name="face_normals" value="true"/>
		<ref id="mat-itu_brick" name="bsdf"/>
	</shape>
	<shape type="ply" id="mesh-BPCL_Hostel-itu_concrete">
		<string name="filename" value="meshes/BPCL_Hostel-itu_concrete.ply"/>
		<boolean name="face_normals" value="true"/>
		<ref id="mat-itu_concrete" name="bsdf"/>
	</shape>
	<shape type="ply" id="mesh-C_Block-itu_concrete">
		<string name="filename" value="meshes/C_Block-itu_concrete.ply"/>
		<boolean name="face_normals" value="true"/>
		<ref id="mat-itu_concrete" name="bsdf"/>
	</shape>
	<shape type="ply" id="mesh-C_Block-itu_brick">
		<string name="filename" value="meshes/C_Block-itu_brick.ply"/>
		<boolean name="face_normals" value="true"/>
		<ref id="mat-itu_brick" name="bsdf"/>
	</shape>
</scene>
