<scene version="2.1.0">

<!-- Defaults, these can be set via the command line: -Darg=value -->


<!-- Camera and Rendering Parameters -->

	<integrator type="path">
		<integer name="max_depth" value="12"/>
	</integrator>

<!-- Materials -->

	<bsdf type="twosided" id="mat-itu_medium_dry_ground">
		<bsdf type="diffuse">
			<rgb value="0.391353 0.800000 0.239763" name="reflectance"/>
		</bsdf>
	</bsdf>
	<bsdf type="twosided" id="mat-itu_brick">
		<bsdf type="diffuse">
			<rgb value="0.800000 0.473758 0.262734" name="reflectance"/>
		</bsdf>
	</bsdf>
	<bsdf type="twosided" id="mat-itu_concrete">
		<bsdf type="diffuse">
			<rgb value="0.350556 0.350556 0.350556" name="reflectance"/>
		</bsdf>
	</bsdf>

<!-- Emitters -->

	<emitter type="constant" id="World">
		<rgb value="0.603816 0.603816 0.603816" name="radiance"/>
	</emitter>

<!-- Shapes -->

	<shape type="ply" id="mesh-Plane">
		<string name="filename" value="meshes/Plane.ply"/>
		<boolean name="face_normals" value="true"/>
		<ref id="mat-itu_medium_dry_ground" name="bsdf"/>
	</shape>
	<shape type="ply" id="mesh-map_36_osm_buildings-itu_brick">
		<string name="filename" value="meshes/map_36_osm_buildings-itu_brick.ply"/>
		<boolean name="face_normals" value="true"/>
		<ref id="mat-itu_brick" name="bsdf"/>
	</shape>
	<shape type="ply" id="mesh-map_36_osm_buildings-itu_concrete">
		<string name="filename" value="meshes/map_36_osm_buildings-itu_concrete.ply"/>
		<boolean name="face_normals" value="true"/>
		<ref id="mat-itu_concrete" name="bsdf"/>
	</shape>
</scene>
